seq_id,mut_name,esm_score
seq1,F1K,-3.2310786
seq1,F1R,-2.8722878
seq1,F1H,-3.4361672
seq1,F1E,-3.6196785
seq1,F1D,-3.8405375
seq1,F1N,-3.5199375
seq1,F1Q,-3.4534144
seq1,F1T,-2.918004
seq1,F1S,-2.6614256
seq1,F1C,-2.7946339
seq1,F1G,-3.0575633
seq1,F1A,-3.1710477
seq1,F1V,-2.7348456
seq1,F1L,-1.916481
seq1,F1I,-2.9403992
seq1,F1M,2.2292376
seq1,F1P,-3.337636
seq1,F1Y,-3.64458
seq1,F1F,0.0
seq1,F1W,-3.8756628
seq1,I2K,-3.9012308
seq1,I2R,-3.3365536
seq1,I2H,-3.3764472
seq1,I2E,-4.352033
seq1,I2D,-4.3111467
seq1,I2N,-3.9115052
seq1,I2Q,-3.4951906
seq1,I2T,-3.252493
seq1,I2S,-2.5727062
seq1,I2C,-3.6058574
seq1,I2G,-3.7563162
seq1,I2A,-3.625126
seq1,I2V,-3.541677
seq1,I2L,-2.614181
seq1,I2I,0.0
seq1,I2M,-4.938982
seq1,I2P,-3.2091713
seq1,I2Y,-3.8775654
seq1,I2F,-3.2071137
seq1,I2W,-4.590964
seq1,S3K,-4.5610127
seq1,S3R,-4.1589727
seq1,S3H,-4.263927
seq1,S3E,-5.068411
seq1,S3D,-5.000685
seq1,S3N,-4.4932456
seq1,S3Q,-4.406488
seq1,S3T,-4.11947
seq1,S3S,0.0
seq1,S3C,-4.431638
seq1,S3G,-4.6054516
seq1,S3A,-4.472758
seq1,S3V,-4.4414945
seq1,S3L,-3.4225926
seq1,S3I,-4.11585
seq1,S3M,-5.5180855
seq1,S3P,-4.0745454
seq1,S3Y,-4.588519
seq1,S3F,-3.8445551
seq1,S3W,-5.245599
seq1,H4K,-3.4093125
seq1,H4R,-2.9186068
seq1,H4H,0.0
seq1,H4E,-3.8333251
seq1,H4D,-3.796038
seq1,H4N,-3.4713671
seq1,H4Q,-3.4978178
seq1,H4T,-2.9283576
seq1,H4S,-2.330805
seq1,H4C,-3.3556356
seq1,H4G,-3.3174753
seq1,H4A,-3.074734
seq1,H4V,-3.0217805
seq1,H4L,-2.354747
seq1,H4I,-2.9785602
seq1,H4M,-4.4620075
seq1,H4P,-2.940501
seq1,H4Y,-3.6610687
seq1,H4F,-2.8521175
seq1,H4W,-4.2601132
seq1,W5K,-2.3565185
seq1,W5R,-1.9850504
seq1,W5H,-2.1290457
seq1,W5E,-2.7485993
seq1,W5D,-2.8920238
seq1,W5N,-2.2941678
seq1,W5Q,-2.190109
seq1,W5T,-2.0427842
seq1,W5S,-1.3218486
seq1,W5C,-2.299446
seq1,W5G,-2.3843336
seq1,W5A,-2.2971861
seq1,W5V,-1.9999483
seq1,W5L,-1.2792518
seq1,W5I,-1.8282087
seq1,W5M,-3.497424
seq1,W5P,-2.054565
seq1,W5Y,-2.52765
seq1,W5F,-1.4103072
seq1,W5W,0.0
seq1,I6K,-3.6570127
seq1,I6R,-3.241321
seq1,I6H,-3.6962025
seq1,I6E,-4.2386875
seq1,I6D,-4.362127
seq1,I6N,-3.814556
seq1,I6Q,-3.7301414
seq1,I6T,-3.4231005
seq1,I6S,-2.9434664
seq1,I6C,-3.8494337
seq1,I6G,-3.8859298
seq1,I6A,-3.7661984
seq1,I6V,-3.7219832
seq1,I6L,-2.8826575
seq1,I6I,0.0
seq1,I6M,-4.7071853
seq1,I6P,-3.6162884
seq1,I6Y,-4.189442
seq1,I6F,-3.518477
seq1,I6W,-4.6978703
seq1,S7K,-4.4920654
seq1,S7R,-4.003442
seq1,S7H,-4.225919
seq1,S7E,-5.0028815
seq1,S7D,-5.026815
seq1,S7N,-4.413096
seq1,S7Q,-4.2940707
seq1,S7T,-4.0540366
seq1,S7S,0.0
seq1,S7C,-4.3924274
seq1,S7G,-4.5790296
seq1,S7A,-4.437418
seq1,S7V,-4.448619
seq1,S7L,-3.3386655
seq1,S7I,-4.15016
seq1,S7M,-5.42536
seq1,S7P,-3.9985342
seq1,S7Y,-4.5702157
seq1,S7F,-3.9135585
seq1,S7W,-5.109944
seq1,H8K,-3.7627273
seq1,H8R,-3.0560534
seq1,H8H,0.0
seq1,H8E,-4.0422444
seq1,H8D,-3.8773923
seq1,H8N,-3.6562047
seq1,H8Q,-3.6681137
seq1,H8T,-3.0793374
seq1,H8S,-2.4543653
seq1,H8C,-3.4460773
seq1,H8G,-3.4424167
seq1,H8A,-3.2671943
seq1,H8V,-3.2340264
seq1,H8L,-2.490127
seq1,H8I,-3.1096823
seq1,H8M,-4.567009
seq1,H8P,-3.1138368
seq1,H8Y,-3.7252254
seq1,H8F,-3.092661
seq1,H8W,-4.329301
seq1,F9K,-3.6866198
seq1,F9R,-3.0161655
seq1,F9H,-3.255153
seq1,F9E,-4.108409
seq1,F9D,-4.2233014
seq1,F9N,-3.7796602
seq1,F9Q,-3.459282
seq1,F9T,-3.0055368
seq1,F9S,-2.6324735
seq1,F9C,-3.4433177
seq1,F9G,-3.5249176
seq1,F9A,-3.4429915
seq1,F9V,-3.4257417
seq1,F9L,-2.609973
seq1,F9I,-3.2524273
seq1,F9M,-4.5217323
seq1,F9P,-3.2751007
seq1,F9Y,-4.0195136
seq1,F9F,0.0
seq1,F9W,-4.3334594
seq1,Q10K,-3.6260073
seq1,Q10R,-2.9663486
seq1,Q10H,-3.1421068
seq1,Q10E,-4.0557823
seq1,Q10D,-4.026367
seq1,Q10N,-3.562751
seq1,Q10Q,0.0
seq1,Q10T,-2.938274
seq1,Q10S,-2.3791351
seq1,Q10C,-3.3415103
seq1,Q10G,-3.4802868
seq1,Q10A,-3.4348948
seq1,Q10V,-3.316425
seq1,Q10L,-2.4378903
seq1,Q10I,-2.7755651
seq1,Q10M,-4.448774
seq1,Q10P,-3.0204089
seq1,Q10Y,-3.5860894
seq1,Q10F,-3.0245652
seq1,Q10W,-4.224797
seq1,R11K,-3.7656803
seq1,R11R,0.0
seq1,R11H,-3.420107
seq1,R11E,-4.148613
seq1,R11D,-4.055312
seq1,R11N,-3.6510344
seq1,R11Q,-3.7710915
seq1,R11T,-3.2549849
seq1,R11S,-2.7996578
seq1,R11C,-3.8091345
seq1,R11G,-3.6889749
seq1,R11A,-3.5047712
seq1,R11V,-3.3834367
seq1,R11L,-2.8445559
seq1,R11I,-3.209921
seq1,R11M,-4.649417
seq1,R11P,-3.3910756
seq1,R11Y,-3.9737043
seq1,R11F,-3.5042515
seq1,R11W,-4.8635015
seq1,C12K,-3.0011203
seq1,C12R,-2.7028475
seq1,C12H,-3.0601668
seq1,C12E,-3.38291
seq1,C12D,-3.5458796
seq1,C12N,-3.0439115
seq1,C12Q,-3.182231
seq1,C12T,-2.7631965
seq1,C12S,-2.3977683
seq1,C12C,0.0
seq1,C12G,-3.127867
seq1,C12A,-3.1830876
seq1,C12V,-3.117999
seq1,C12L,-2.380612
seq1,C12I,-2.890423
seq1,C12M,-4.063574
seq1,C12P,-3.0156152
seq1,C12Y,-3.5818417
seq1,C12F,-3.0890462
seq1,C12W,-4.2112713
seq1,H13K,-3.2849426
seq1,H13R,-2.6192896
seq1,H13H,0.0
seq1,H13E,-3.8121228
seq1,H13D,-3.8851786
seq1,H13N,-3.403492
seq1,H13Q,-3.3519359
seq1,H13T,-2.9834266
seq1,H13S,-2.2496672
seq1,H13C,-3.203538
seq1,H13G,-3.1112208
seq1,H13A,-3.2828991
seq1,H13V,-3.2763252
seq1,H13L,-2.5120814
seq1,H13I,-3.0141132
seq1,H13M,-4.3396225
seq1,H13P,-3.0847936
seq1,H13Y,-3.6749306
seq1,H13F,-2.8944018
seq1,H13W,-3.7307296
seq1,I14K,-3.7567255
seq1,I14R,-2.9940958
seq1,I14H,-3.209192
seq1,I14E,-4.160944
seq1,I14D,-4.116768
seq1,I14N,-3.7749388
seq1,I14Q,-3.4191737
seq1,I14T,-3.1272855
seq1,I14S,-2.5658884
seq1,I14C,-3.428448
seq1,I14G,-3.656203
seq1,I14A,-3.3394291
seq1,I14V,-3.3331158
seq1,I14L,-2.5135856
seq1,I14I,0.0
seq1,I14M,-4.500497
seq1,I14P,-3.0060008
seq1,I14Y,-3.967665
seq1,I14F,-3.1841109
seq1,I14W,-4.386332
seq1,P15K,-3.9809859
seq1,P15R,-3.43445
seq1,P15H,-3.541236
seq1,P15E,-4.3122034
seq1,P15D,-4.256906
seq1,P15N,-3.8818214
seq1,P15Q,-3.800639
seq1,P15T,-3.3220325
seq1,P15S,-2.7645793
seq1,P15C,-3.682617
seq1,P15G,-3.904609
seq1,P15A,-3.59946
seq1,P15V,-3.595801
seq1,P15L,-2.8742046
seq1,P15I,-3.3590488
seq1,P15M,-4.920536
seq1,P15P,0.0
seq1,P15Y,-3.916611
seq1,P15F,-3.3818314
seq1,P15W,-4.816099
seq1,S16K,-4.358673
seq1,S16R,-3.841812
seq1,S16H,-3.8953893
seq1,S16E,-4.3394585
seq1,S16D,-4.483291
seq1,S16N,-4.3777604
seq1,S16Q,-4.116521
seq1,S16T,-3.842674
seq1,S16S,0.0
seq1,S16C,-4.315581
seq1,S16G,-3.9693472
seq1,S16A,-3.9047883
seq1,S16V,-3.8171513
seq1,S16L,-3.3912828
seq1,S16I,-4.0306005
seq1,S16M,-5.199899
seq1,S16P,-3.909961
seq1,S16Y,-4.486479
seq1,S16F,-4.156909
seq1,S16W,-5.066635
seq1,T17K,-3.8866906
seq1,T17R,-3.236187
seq1,T17H,-3.4815154
seq1,T17E,-4.114621
seq1,T17D,-4.13517
seq1,T17N,-3.8800397
seq1,T17Q,-3.699101
seq1,T17T,0.0
seq1,T17S,-2.678692
seq1,T17C,-3.5355759
seq1,T17G,-3.5246305
seq1,T17A,-3.40832
seq1,T17V,-3.4410083
seq1,T17L,-2.615205
seq1,T17I,-3.427708
seq1,T17M,-4.620863
seq1,T17P,-3.2347593
seq1,T17Y,-4.050858
seq1,T17F,-3.3615196
seq1,T17W,-4.560798
seq1,H18K,-2.8611186
seq1,H18R,-2.5039191
seq1,H18H,0.0
seq1,H18E,-3.0610735
seq1,H18D,-3.3643205
seq1,H18N,-3.1499324
seq1,H18Q,-3.0570898
seq1,H18T,-2.0691504
seq1,H18S,-1.9281287
seq1,H18C,-3.2359998
seq1,H18G,-2.9492736
seq1,H18A,-2.1669
seq1,H18V,-2.6550612
seq1,H18L,-2.20235
seq1,H18I,-2.7783043
seq1,H18M,-3.5255969
seq1,H18P,-2.3282943
seq1,H18Y,-3.576472
seq1,H18F,-3.065939
seq1,H18W,-3.9891222
seq1,A19K,-3.460794
seq1,A19R,-2.9906232
seq1,A19H,-3.3518858
seq1,A19E,-3.926268
seq1,A19D,-4.045768
seq1,A19N,-3.5867777
seq1,A19Q,-3.3693485
seq1,A19T,-2.9800682
seq1,A19S,-2.4682288
seq1,A19C,-3.4535663
seq1,A19G,-3.4691477
seq1,A19A,0.0
seq1,A19V,-3.3685942
seq1,A19L,-2.578445
seq1,A19I,-3.1913953
seq1,A19M,-4.560807
seq1,A19P,-3.0900447
seq1,A19Y,-3.7560968
seq1,A19F,-3.0936673
seq1,A19W,-4.3719893
seq1,T20K,-3.855333
seq1,T20R,-3.329195
seq1,T20H,-3.5989637
seq1,T20E,-3.8197315
seq1,T20D,-4.128353
seq1,T20N,-4.1200314
seq1,T20Q,-3.7660682
seq1,T20T,0.0
seq1,T20S,-3.055025
seq1,T20C,-4.026213
seq1,T20G,-3.5950332
seq1,T20A,-3.1904998
seq1,T20V,-3.521374
seq1,T20L,-3.095293
seq1,T20I,-3.7661412
seq1,T20M,-4.547077
seq1,T20P,-3.4863553
seq1,T20Y,-4.344997
seq1,T20F,-4.0154734
seq1,T20W,-4.9175854
seq1,A21K,-3.558339
seq1,A21R,-3.0104775
seq1,A21H,-3.3719387
seq1,A21E,-3.79814
seq1,A21D,-4.0364194
seq1,A21N,-3.6634078
seq1,A21Q,-3.4502196
seq1,A21T,-3.1314282
seq1,A21S,-2.697989
seq1,A21C,-3.5226698
seq1,A21G,-3.4067922
seq1,A21A,0.0
seq1,A21V,-3.4269118
seq1,A21L,-2.7795877
seq1,A21I,-3.392521
seq1,A21M,-4.4835935
seq1,A21P,-3.309246
seq1,A21Y,-3.8687377
seq1,A21F,-3.59834
seq1,A21W,-4.427866
seq1,R22K,-3.5618196
seq1,R22R,0.0
seq1,R22H,-3.8358696
seq1,R22E,-3.6663377
seq1,R22D,-4.046321
seq1,R22N,-3.8727567
seq1,R22Q,-3.6577442
seq1,R22T,-3.1244884
seq1,R22S,-2.8750427
seq1,R22C,-4.00375
seq1,R22G,-3.6327798
seq1,R22A,-3.2505612
seq1,R22V,-3.4509442
seq1,R22L,-2.9401543
seq1,R22I,-3.6393135
seq1,R22M,-4.368514
seq1,R22P,-3.3841658
seq1,R22Y,-4.1948633
seq1,R22F,-3.877856
seq1,R22W,-4.7433043
seq1,E23K,-2.818554
seq1,E23R,-2.170515
seq1,E23H,-2.7266538
seq1,E23E,0.0
seq1,E23D,-3.3330703
seq1,E23N,-2.7666595
seq1,E23Q,-2.9385746
seq1,E23T,-2.3208375
seq1,E23S,-1.9193685
seq1,E23C,-2.6596568
seq1,E23G,-2.7510998
seq1,E23A,-2.5477242
seq1,E23V,-2.7209146
seq1,E23L,-2.0511777
seq1,E23I,-2.5096784
seq1,E23M,-3.7052875
seq1,E23P,-2.51271
seq1,E23Y,-3.1114802
seq1,E23F,-2.7475786
seq1,E23W,-3.6417875
seq1,C24K,-2.7302585
seq1,C24R,-2.3232265
seq1,C24H,-3.0406914
seq1,C24E,-2.9217646
seq1,C24D,-3.3288984
seq1,C24N,-2.9109843
seq1,C24Q,-2.9541574
seq1,C24T,-2.4853933
seq1,C24S,-2.3237703
seq1,C24C,0.0
seq1,C24G,-2.7284226
seq1,C24A,-2.6849213
seq1,C24V,-2.7905822
seq1,C24L,-2.331932
seq1,C24I,-2.7242293
seq1,C24M,-3.6674728
seq1,C24P,-2.7531438
seq1,C24Y,-3.458953
seq1,C24F,-3.2297075
seq1,C24W,-3.9933238
seq1,R25K,-3.8164284
seq1,R25R,0.0
seq1,R25H,-3.5518003
seq1,R25E,-4.0856524
seq1,R25D,-4.2305613
seq1,R25N,-3.8125126
seq1,R25Q,-3.715594
seq1,R25T,-3.5401738
seq1,R25S,-2.911684
seq1,R25C,-3.8575032
seq1,R25G,-3.6321042
seq1,R25A,-3.740328
seq1,R25V,-3.6689675
seq1,R25L,-2.9893754
seq1,R25I,-3.5452654
seq1,R25M,-4.8110886
seq1,R25P,-3.628802
seq1,R25Y,-4.0492105
seq1,R25F,-3.583552
seq1,R25W,-4.6498528
seq1,I26K,-3.5767772
seq1,I26R,-2.9470708
seq1,I26H,-3.596452
seq1,I26E,-3.8814943
seq1,I26D,-3.9895146
seq1,I26N,-3.72665
seq1,I26Q,-3.6399548
seq1,I26T,-3.0988033
seq1,I26S,-2.6520278
seq1,I26C,-3.5091133
seq1,I26G,-3.3561845
seq1,I26A,-3.1909256
seq1,I26V,-3.2912233
seq1,I26L,-2.8050358
seq1,I26I,0.0
seq1,I26M,-4.520132
seq1,I26P,-3.2261944
seq1,I26Y,-4.0440984
seq1,I26F,-3.5169995
seq1,I26W,-4.417236
seq1,S27K,-4.298753
seq1,S27R,-3.9350905
seq1,S27H,-4.187458
seq1,S27E,-4.7394915
seq1,S27D,-4.8597283
seq1,S27N,-4.3362665
seq1,S27Q,-4.154846
seq1,S27T,-3.8802242
seq1,S27S,0.0
seq1,S27C,-4.3341303
seq1,S27G,-4.451875
seq1,S27A,-4.197944
seq1,S27V,-4.1755857
seq1,S27L,-3.2884974
seq1,S27I,-3.9568095
seq1,S27M,-5.191493
seq1,S27P,-3.857503
seq1,S27Y,-4.522812
seq1,S27F,-3.9833155
seq1,S27W,-5.171252
seq1,P28K,-3.6704957
seq1,P28R,-3.061593
seq1,P28H,-3.451694
seq1,P28E,-3.9073694
seq1,P28D,-4.038662
seq1,P28N,-3.805093
seq1,P28Q,-3.621661
seq1,P28T,-3.223306
seq1,P28S,-2.7624035
seq1,P28C,-3.7389796
seq1,P28G,-3.4648695
seq1,P28A,-3.4122417
seq1,P28V,-3.3821394
seq1,P28L,-2.7811563
seq1,P28I,-3.389944
seq1,P28M,-4.496537
seq1,P28P,0.0
seq1,P28Y,-3.9686282
seq1,P28F,-3.4251442
seq1,P28W,-4.558671
seq2,R1K,-3.3200831
seq2,R1R,0.0
seq2,R1H,-4.0137606
seq2,R1E,-2.9031162
seq2,R1D,-3.3684916
seq2,R1N,-3.5996642
seq2,R1Q,-3.5986505
seq2,R1T,-3.1691685
seq2,R1S,-2.9913712
seq2,R1C,-4.0765667
seq2,R1G,-2.722899
seq2,R1A,-2.6455503
seq2,R1V,-2.8544788
seq2,R1L,-2.6010652
seq2,R1I,-3.186613
seq2,R1M,1.2812549
seq2,R1P,-3.399435
seq2,R1Y,-4.0787945
seq2,R1F,-3.746993
seq2,R1W,-4.7151036
seq2,A2K,-3.6486568
seq2,A2R,-3.3188436
seq2,A2H,-4.231656
seq2,A2E,-3.7041988
seq2,A2D,-3.8867755
seq2,A2N,-3.791882
seq2,A2Q,-4.020946
seq2,A2T,-3.5954163
seq2,A2S,-3.3058941
seq2,A2C,-4.291908
seq2,A2G,-3.3360066
seq2,A2A,0.0
seq2,A2V,-3.6068287
seq2,A2L,-3.3423185
seq2,A2I,-3.6750374
seq2,A2M,-4.7646265
seq2,A2P,-3.835637
seq2,A2Y,-4.3184876
seq2,A2F,-4.0556536
seq2,A2W,-4.923212
seq2,G3K,-3.683726
seq2,G3R,-3.3726535
seq2,G3H,-4.3624763
seq2,G3E,-3.6050596
seq2,G3D,-3.8586214
seq2,G3N,-4.0108237
seq2,G3Q,-4.0226607
seq2,G3T,-3.571125
seq2,G3S,-3.321836
seq2,G3C,-4.4782295
seq2,G3G,0.0
seq2,G3A,-3.130321
seq2,G3V,-3.3699698
seq2,G3L,-3.13787
seq2,G3I,-3.4760165
seq2,G3M,-4.494593
seq2,G3P,-3.9134347
seq2,G3Y,-4.418787
seq2,G3F,-4.009423
seq2,G3W,-4.886431
seq2,E4K,-3.2926545
seq2,E4R,-2.891845
seq2,E4H,-3.7853575
seq2,E4E,0.0
seq2,E4D,-3.5385842
seq2,E4N,-3.4816194
seq2,E4Q,-3.5510688
seq2,E4T,-3.09627
seq2,E4S,-2.8843384
seq2,E4C,-3.8806896
seq2,E4G,-2.8230565
seq2,E4A,-2.6523612
seq2,E4V,-2.8579729
seq2,E4L,-2.5601425
seq2,E4I,-2.8923132
seq2,E4M,-3.9270887
seq2,E4P,-3.3707678
seq2,E4Y,-3.8695393
seq2,E4F,-3.36045
seq2,E4W,-4.0702734
seq2,A5K,-3.5941272
seq2,A5R,-3.372909
seq2,A5H,-4.2531166
seq2,A5E,-3.6225882
seq2,A5D,-3.7734916
seq2,A5N,-3.6837513
seq2,A5Q,-4.033614
seq2,A5T,-3.503797
seq2,A5S,-3.3381147
seq2,A5C,-4.348984
seq2,A5G,-3.2779822
seq2,A5A,0.0
seq2,A5V,-3.5033007
seq2,A5L,-3.3386068
seq2,A5I,-3.5086155
seq2,A5M,-4.5766735
seq2,A5P,-3.9106915
seq2,A5Y,-4.2431345
seq2,A5F,-4.042349
seq2,A5W,-4.8693333
seq2,G6K,-3.5373576
seq2,G6R,-3.4379458
seq2,G6H,-4.1795187
seq2,G6E,-3.4852319
seq2,G6D,-3.7238538
seq2,G6N,-3.845812
seq2,G6Q,-3.8792217
seq2,G6T,-3.338879
seq2,G6S,-3.2011752
seq2,G6C,-4.4153557
seq2,G6G,0.0
seq2,G6A,-2.9003935
seq2,G6V,-3.1600902
seq2,G6L,-3.0249357
seq2,G6I,-3.3219128
seq2,G6M,-4.215495
seq2,G6P,-3.6674669
seq2,G6Y,-4.2193227
seq2,G6F,-3.8518307
seq2,G6W,-4.864745
seq2,A7K,-3.3394296
seq2,A7R,-3.2218733
seq2,A7H,-4.050702
seq2,A7E,-3.391386
seq2,A7D,-3.6612976
seq2,A7N,-3.6210115
seq2,A7Q,-3.8025005
seq2,A7T,-3.5079215
seq2,A7S,-3.228783
seq2,A7C,-4.1578197
seq2,A7G,-3.2460124
seq2,A7A,0.0
seq2,A7V,-3.4521594
seq2,A7L,-3.23519
seq2,A7I,-3.502075
seq2,A7M,-4.470002
seq2,A7P,-3.978155
seq2,A7Y,-4.039653
seq2,A7F,-3.8811738
seq2,A7W,-4.635832
seq2,I8K,-3.4160197
seq2,I8R,-3.0529778
seq2,I8H,-3.8662906
seq2,I8E,-3.2208586
seq2,I8D,-3.4099407
seq2,I8N,-3.659861
seq2,I8Q,-3.6351771
seq2,I8T,-3.1618128
seq2,I8S,-2.900378
seq2,I8C,-3.947
seq2,I8G,-2.6650186
seq2,I8A,-2.7599459
seq2,I8V,-3.0156977
seq2,I8L,-2.9430094
seq2,I8I,0.0
seq2,I8M,-4.2056074
seq2,I8P,-3.5151863
seq2,I8Y,-4.0835476
seq2,I8F,-3.7681909
seq2,I8W,-4.2860613
seq2,N9K,-3.1694438
seq2,N9R,-2.5984044
seq2,N9H,-3.4134936
seq2,N9E,-2.977755
seq2,N9D,-3.0239987
seq2,N9N,0.0
seq2,N9Q,-3.2791238
seq2,N9T,-2.7813234
seq2,N9S,-2.443778
seq2,N9C,-3.4045596
seq2,N9G,-2.5326142
seq2,N9A,-2.3274353
seq2,N9V,-2.5685968
seq2,N9L,-2.2477524
seq2,N9I,-2.6889527
seq2,N9M,-3.8311539
seq2,N9P,-2.8826394
seq2,N9Y,-3.4828444
seq2,N9F,-3.034011
seq2,N9W,-3.9515429
seq2,S10K,-3.716921
seq2,S10R,-3.40673
seq2,S10H,-4.1959133
seq2,S10E,-3.563502
seq2,S10D,-3.7936466
seq2,S10N,-3.863866
seq2,S10Q,-3.9215586
seq2,S10T,-3.4721556
seq2,S10S,0.0
seq2,S10C,-4.401307
seq2,S10G,-3.2103608
seq2,S10A,-3.1980925
seq2,S10V,-3.3667812
seq2,S10L,-3.2423198
seq2,S10I,-3.4315317
seq2,S10M,-4.525833
seq2,S10P,-3.577349
seq2,S10Y,-4.39275
seq2,S10F,-4.080805
seq2,S10W,-4.9887857
seq2,T11K,-3.6151278
seq2,T11R,-3.3126884
seq2,T11H,-3.9558551
seq2,T11E,-3.5890296
seq2,T11D,-3.7890918
seq2,T11N,-3.8055217
seq2,T11Q,-3.810818
seq2,T11T,0.0
seq2,T11S,-3.1087213
seq2,T11C,-4.1901765
seq2,T11G,-3.251665
seq2,T11A,-3.0514848
seq2,T11V,-3.273604
seq2,T11L,-2.8892498
seq2,T11I,-3.3010566
seq2,T11M,-4.338396
seq2,T11P,-3.6629837
seq2,T11Y,-4.143005
seq2,T11F,-3.7120097
seq2,T11W,-4.731374
seq2,T12K,-3.6072066
seq2,T12R,-3.245921
seq2,T12H,-3.9451659
seq2,T12E,-3.564429
seq2,T12D,-3.681712
seq2,T12N,-3.7729285
seq2,T12Q,-3.8186367
seq2,T12T,0.0
seq2,T12S,-3.153797
seq2,T12C,-3.924266
seq2,T12G,-3.1972032
seq2,T12A,-3.0051107
seq2,T12V,-3.1891766
seq2,T12L,-2.7166283
seq2,T12I,-3.2062497
seq2,T12M,-4.2165933
seq2,T12P,-3.6251376
seq2,T12Y,-4.0505886
seq2,T12F,-3.6848366
seq2,T12W,-4.5841618
seq2,H13K,-2.5090497
seq2,H13R,-2.278325
seq2,H13H,0.0
seq2,H13E,-2.4410203
seq2,H13D,-2.708774
seq2,H13N,-2.8478432
seq2,H13Q,-2.9032414
seq2,H13T,-2.424473
seq2,H13S,-2.260468
seq2,H13C,-3.4694562
seq2,H13G,-2.0686846
seq2,H13A,-2.1394951
seq2,H13V,-2.4288766
seq2,H13L,-2.1437664
seq2,H13I,-2.6046288
seq2,H13M,-3.3687563
seq2,H13P,-2.6417966
seq2,H13Y,-3.306868
seq2,H13F,-3.023591
seq2,H13W,-3.8147392
seq2,E14K,-3.1969922
seq2,E14R,-2.8894792
seq2,E14H,-3.5899863
seq2,E14E,0.0
seq2,E14D,-3.5602856
seq2,E14N,-3.354412
seq2,E14Q,-3.3424447
seq2,E14T,-2.9703248
seq2,E14S,-2.7603636
seq2,E14C,-3.7369413
seq2,E14G,-3.0591123
seq2,E14A,-2.8775868
seq2,E14V,-3.1665206
seq2,E14L,-2.6669996
seq2,E14I,-3.1150312
seq2,E14M,-4.0792356
seq2,E14P,-3.2704377
seq2,E14Y,-3.719503
seq2,E14F,-3.391924
seq2,E14W,-4.318602
seq2,M15K,-2.3487601
seq2,M15R,-2.215454
seq2,M15H,-2.894662
seq2,M15E,-2.2634897
seq2,M15D,-2.670611
seq2,M15N,-2.5570393
seq2,M15Q,-2.678824
seq2,M15T,-2.2234092
seq2,M15S,-2.2135987
seq2,M15C,-3.2246222
seq2,M15G,-2.266766
seq2,M15A,-1.9874226
seq2,M15V,-2.21451
seq2,M15L,-1.9188799
seq2,M15I,-2.2645283
seq2,M15M,0.0
seq2,M15P,-2.663835
seq2,M15Y,-2.9995956
seq2,M15F,-2.8932843
seq2,M15W,-3.84875
seq2,A16K,-3.4920766
seq2,A16R,-3.3705308
seq2,A16H,-3.9550953
seq2,A16E,-3.7059731
seq2,A16D,-3.9135814
seq2,A16N,-3.665207
seq2,A16Q,-3.773427
seq2,A16T,-3.4252372
seq2,A16S,-3.3601227
seq2,A16C,-4.326438
seq2,A16G,-3.5629468
seq2,A16A,0.0
seq2,A16V,-3.3599381
seq2,A16L,-2.9486978
seq2,A16I,-3.2685208
seq2,A16M,-4.4028816
seq2,A16P,-3.804338
seq2,A16Y,-4.0992913
seq2,A16F,-3.8318248
seq2,A16W,-4.9244413
seq2,C17K,-2.0107865
seq2,C17R,-1.8419873
seq2,C17H,-2.8216171
seq2,C17E,-2.0742426
seq2,C17D,-2.394196
seq2,C17N,-2.4324389
seq2,C17Q,-2.4369292
seq2,C17T,-2.2439876
seq2,C17S,-2.0425987
seq2,C17C,0.0
seq2,C17G,-2.1764097
seq2,C17A,-1.932952
seq2,C17V,-2.2424312
seq2,C17L,-1.9635247
seq2,C17I,-2.3337665
seq2,C17M,-3.1334634
seq2,C17P,-2.6491432
seq2,C17Y,-3.141467
seq2,C17F,-2.8393135
seq2,C17W,-3.7276025
seq2,H18K,-2.537118
seq2,H18R,-2.329008
seq2,H18H,0.0
seq2,H18E,-2.5768876
seq2,H18D,-2.9720495
seq2,H18N,-3.0046318
seq2,H18Q,-2.9136996
seq2,H18T,-2.666191
seq2,H18S,-2.3461695
seq2,H18C,-3.4403276
seq2,H18G,-2.497404
seq2,H18A,-2.1925719
seq2,H18V,-2.4429536
seq2,H18L,-2.0166597
seq2,H18I,-2.5927954
seq2,H18M,-3.518796
seq2,H18P,-3.0764823
seq2,H18Y,-3.2565956
seq2,H18F,-2.8055604
seq2,H18W,-3.7131038
seq2,I19K,-3.472685
seq2,I19R,-3.0737946
seq2,I19H,-3.9742236
seq2,I19E,-3.3169947
seq2,I19D,-3.6908984
seq2,I19N,-3.7307358
seq2,I19Q,-3.6382685
seq2,I19T,-3.3879106
seq2,I19S,-3.105484
seq2,I19C,-3.8586888
seq2,I19G,-2.9309282
seq2,I19A,-3.15107
seq2,I19V,-3.2643085
seq2,I19L,-2.8503206
seq2,I19I,0.0
seq2,I19M,-4.2787137
seq2,I19P,-3.6268597
seq2,I19Y,-4.0700903
seq2,I19F,-3.7592082
seq2,I19W,-4.4738617
seq2,N20K,-3.0891292
seq2,N20R,-2.7750866
seq2,N20H,-3.521276
seq2,N20E,-3.021235
seq2,N20D,-3.2348957
seq2,N20N,0.0
seq2,N20Q,-3.262025
seq2,N20T,-2.9459174
seq2,N20S,-2.684486
seq2,N20C,-3.6190486
seq2,N20G,-2.7125862
seq2,N20A,-2.6327
seq2,N20V,-2.854966
seq2,N20L,-2.48386
seq2,N20I,-3.0024176
seq2,N20M,-3.8756304
seq2,N20P,-3.113668
seq2,N20Y,-3.6886234
seq2,N20F,-3.3626115
seq2,N20W,-4.194606
seq2,E21K,-3.0972557
seq2,E21R,-2.7531753
seq2,E21H,-3.5738795
seq2,E21E,0.0
seq2,E21D,-3.478495
seq2,E21N,-3.254003
seq2,E21Q,-3.3165932
seq2,E21T,-3.0218246
seq2,E21S,-2.7458506
seq2,E21C,-3.779896
seq2,E21G,-2.8638282
seq2,E21A,-2.9230561
seq2,E21V,-3.122556
seq2,E21L,-2.7197661
seq2,E21I,-3.0663407
seq2,E21M,-4.1295967
seq2,E21P,-3.0731668
seq2,E21Y,-3.814851
seq2,E21F,-3.5247128
seq2,E21W,-4.399562
