seq_id,mut_name,esm_score
seq1,F1K,-3.2310812
seq1,F1R,-2.8722885
seq1,F1H,-3.4361703
seq1,F1E,-3.6196811
seq1,F1D,-3.8405392
seq1,F1N,-3.5199368
seq1,F1Q,-3.4534147
seq1,F1T,-2.9180043
seq1,F1S,-2.6614258
seq1,F1C,-2.7946303
seq1,F1G,-3.0575635
seq1,F1A,-3.1710474
seq1,F1V,-2.7348464
seq1,F1L,-1.9164822
seq1,F1I,-2.9404013
seq1,F1M,2.2292333
seq1,F1P,-3.3376358
seq1,F1Y,-3.6445792
seq1,F1F,0.0
seq1,F1W,-3.8756554
seq1,I2K,-3.9012349
seq1,I2R,-3.336556
seq1,I2H,-3.376449
seq1,I2E,-4.3520374
seq1,I2D,-4.3111506
seq1,I2N,-3.9115083
seq1,I2Q,-3.495193
seq1,I2T,-3.252496
seq1,I2S,-2.5727074
seq1,I2C,-3.6058586
seq1,I2G,-3.7563183
seq1,I2A,-3.6251295
seq1,I2V,-3.541678
seq1,I2L,-2.6141825
seq1,I2I,0.0
seq1,I2M,-4.938985
seq1,I2P,-3.2091727
seq1,I2Y,-3.8775675
seq1,I2F,-3.2071154
seq1,I2W,-4.590967
seq1,S3K,-4.561015
seq1,S3R,-4.158973
seq1,S3H,-4.263927
seq1,S3E,-5.068413
seq1,S3D,-5.0006866
seq1,S3N,-4.493247
seq1,S3Q,-4.4064894
seq1,S3T,-4.1194715
seq1,S3S,0.0
seq1,S3C,-4.4316387
seq1,S3G,-4.6054516
seq1,S3A,-4.472759
seq1,S3V,-4.441496
seq1,S3L,-3.4225936
seq1,S3I,-4.1158504
seq1,S3M,-5.518087
seq1,S3P,-4.074546
seq1,S3Y,-4.5885196
seq1,S3F,-3.8445559
seq1,S3W,-5.245599
seq1,H4K,-3.4093144
seq1,H4R,-2.918609
seq1,H4H,0.0
seq1,H4E,-3.8333275
seq1,H4D,-3.7960393
seq1,H4N,-3.47137
seq1,H4Q,-3.4978197
seq1,H4T,-2.9283607
seq1,H4S,-2.3308072
seq1,H4C,-3.3556385
seq1,H4G,-3.3174784
seq1,H4A,-3.0747359
seq1,H4V,-3.0217826
seq1,H4L,-2.354749
seq1,H4I,-2.9785633
seq1,H4M,-4.462011
seq1,H4P,-2.9405017
seq1,H4Y,-3.6610715
seq1,H4F,-2.8521206
seq1,H4W,-4.260116
seq1,W5K,-2.3565187
seq1,W5R,-1.9850506
seq1,W5H,-2.129044
seq1,W5E,-2.7486
seq1,W5D,-2.8920226
seq1,W5N,-2.2941675
seq1,W5Q,-2.1901088
seq1,W5T,-2.0427842
seq1,W5S,-1.3218488
seq1,W5C,-2.2994452
seq1,W5G,-2.384334
seq1,W5A,-2.297186
seq1,W5V,-1.9999479
seq1,W5L,-1.279251
seq1,W5I,-1.8282083
seq1,W5M,-3.4974265
seq1,W5P,-2.0545645
seq1,W5Y,-2.527649
seq1,W5F,-1.4103059
seq1,W5W,0.0
seq1,I6K,-3.657013
seq1,I6R,-3.2413206
seq1,I6H,-3.6962023
seq1,I6E,-4.2386866
seq1,I6D,-4.3621254
seq1,I6N,-3.8145547
seq1,I6Q,-3.7301416
seq1,I6T,-3.4231
seq1,I6S,-2.9434662
seq1,I6C,-3.849433
seq1,I6G,-3.8859286
seq1,I6A,-3.7661982
seq1,I6V,-3.721983
seq1,I6L,-2.882657
seq1,I6I,0.0
seq1,I6M,-4.707185
seq1,I6P,-3.6162877
seq1,I6Y,-4.1894407
seq1,I6F,-3.518476
seq1,I6W,-4.69787
seq1,S7K,-4.4920673
seq1,S7R,-4.0034437
seq1,S7H,-4.2259207
seq1,S7E,-5.002885
seq1,S7D,-5.0268173
seq1,S7N,-4.413099
seq1,S7Q,-4.294072
seq1,S7T,-4.0540395
seq1,S7S,0.0
seq1,S7C,-4.392431
seq1,S7G,-4.5790324
seq1,S7A,-4.4374204
seq1,S7V,-4.448621
seq1,S7L,-3.3386667
seq1,S7I,-4.150162
seq1,S7M,-5.4253635
seq1,S7P,-3.9985354
seq1,S7Y,-4.570218
seq1,S7F,-3.9135597
seq1,S7W,-5.1099434
seq1,H8K,-3.7627294
seq1,H8R,-3.056054
seq1,H8H,0.0
seq1,H8E,-4.042248
seq1,H8D,-3.8773954
seq1,H8N,-3.656206
seq1,H8Q,-3.6681163
seq1,H8T,-3.079339
seq1,H8S,-2.4543672
seq1,H8C,-3.4460793
seq1,H8G,-3.4424186
seq1,H8A,-3.2671952
seq1,H8V,-3.2340276
seq1,H8L,-2.490129
seq1,H8I,-3.109684
seq1,H8M,-4.56701
seq1,H8P,-3.1138377
seq1,H8Y,-3.7252262
seq1,H8F,-3.0926623
seq1,H8W,-4.329303
seq1,F9K,-3.6866212
seq1,F9R,-3.0161657
seq1,F9H,-3.2551534
seq1,F9E,-4.1084094
seq1,F9D,-4.2233014
seq1,F9N,-3.7796617
seq1,F9Q,-3.4592824
seq1,F9T,-3.005537
seq1,F9S,-2.6324737
seq1,F9C,-3.443318
seq1,F9G,-3.5249171
seq1,F9A,-3.4429917
seq1,F9V,-3.4257417
seq1,F9L,-2.609974
seq1,F9I,-3.2524278
seq1,F9M,-4.5217295
seq1,F9P,-3.2751012
seq1,F9Y,-4.019514
seq1,F9F,0.0
seq1,F9W,-4.3334575
seq1,Q10K,-3.6260061
seq1,Q10R,-2.9663463
seq1,Q10H,-3.1421056
seq1,Q10E,-4.0557804
seq1,Q10D,-4.026365
seq1,Q10N,-3.5627494
seq1,Q10Q,0.0
seq1,Q10T,-2.938271
seq1,Q10S,-2.3791332
seq1,Q10C,-3.3415084
seq1,Q10G,-3.4802847
seq1,Q10A,-3.4348936
seq1,Q10V,-3.316424
seq1,Q10L,-2.4378886
seq1,Q10I,-2.7755628
seq1,Q10M,-4.448773
seq1,Q10P,-3.0204067
seq1,Q10Y,-3.5860872
seq1,Q10F,-3.0245628
seq1,Q10W,-4.2247944
seq1,R11K,-3.7656822
seq1,R11R,0.0
seq1,R11H,-3.4201078
seq1,R11E,-4.148613
seq1,R11D,-4.055314
seq1,R11N,-3.6510353
seq1,R11Q,-3.7710915
seq1,R11T,-3.2549856
seq1,R11S,-2.799658
seq1,R11C,-3.8091354
seq1,R11G,-3.6889758
seq1,R11A,-3.5047708
seq1,R11V,-3.383437
seq1,R11L,-2.8445568
seq1,R11I,-3.2099218
seq1,R11M,-4.649418
seq1,R11P,-3.391076
seq1,R11Y,-3.9737043
seq1,R11F,-3.5042522
seq1,R11W,-4.8635035
seq1,C12K,-3.0011196
seq1,C12R,-2.7028456
seq1,C12H,-3.0601664
seq1,C12E,-3.3829083
seq1,C12D,-3.5458798
seq1,C12N,-3.043911
seq1,C12Q,-3.1822302
seq1,C12T,-2.7631955
seq1,C12S,-2.3977673
seq1,C12C,0.0
seq1,C12G,-3.1278663
seq1,C12A,-3.1830873
seq1,C12V,-3.1179988
seq1,C12L,-2.3806114
seq1,C12I,-2.890423
seq1,C12M,-4.063573
seq1,C12P,-3.0156143
seq1,C12Y,-3.58184
seq1,C12F,-3.089046
seq1,C12W,-4.2112694
seq1,H13K,-3.2849402
seq1,H13R,-2.6192865
seq1,H13H,0.0
seq1,H13E,-3.8121202
seq1,H13D,-3.8851764
seq1,H13N,-3.4034898
seq1,H13Q,-3.3519325
seq1,H13T,-2.983424
seq1,H13S,-2.2496648
seq1,H13C,-3.2035346
seq1,H13G,-3.1112192
seq1,H13A,-3.282897
seq1,H13V,-3.2763224
seq1,H13L,-2.5120788
seq1,H13I,-3.0141096
seq1,H13M,-4.3396196
seq1,H13P,-3.0847907
seq1,H13Y,-3.6749284
seq1,H13F,-2.8944001
seq1,H13W,-3.7307255
seq1,I14K,-3.756723
seq1,I14R,-2.9940922
seq1,I14H,-3.209188
seq1,I14E,-4.1609406
seq1,I14D,-4.116763
seq1,I14N,-3.7749372
seq1,I14Q,-3.41917
seq1,I14T,-3.1272817
seq1,I14S,-2.5658848
seq1,I14C,-3.4284437
seq1,I14G,-3.656198
seq1,I14A,-3.3394241
seq1,I14V,-3.3331118
seq1,I14L,-2.5135815
seq1,I14I,0.0
seq1,I14M,-4.500492
seq1,I14P,-3.0059967
seq1,I14Y,-3.9676604
seq1,I14F,-3.184107
seq1,I14W,-4.386327
seq1,P15K,-3.980984
seq1,P15R,-3.4344482
seq1,P15H,-3.5412335
seq1,P15E,-4.312202
seq1,P15D,-4.2569036
seq1,P15N,-3.88182
seq1,P15Q,-3.8006365
seq1,P15T,-3.3220303
seq1,P15S,-2.7645774
seq1,P15C,-3.682615
seq1,P15G,-3.904607
seq1,P15A,-3.5994585
seq1,P15V,-3.5957992
seq1,P15L,-2.8742032
seq1,P15I,-3.3590467
seq1,P15M,-4.920534
seq1,P15P,0.0
seq1,P15Y,-3.9166095
seq1,P15F,-3.3818302
seq1,P15W,-4.816097
seq1,S16K,-4.358672
seq1,S16R,-3.8418112
seq1,S16H,-3.8953876
seq1,S16E,-4.3394556
seq1,S16D,-4.4832892
seq1,S16N,-4.377759
seq1,S16Q,-4.1165204
seq1,S16T,-3.8426733
seq1,S16S,0.0
seq1,S16C,-4.31558
seq1,S16G,-3.969346
seq1,S16A,-3.904786
seq1,S16V,-3.8171496
seq1,S16L,-3.391282
seq1,S16I,-4.0305986
seq1,S16M,-5.1998987
seq1,S16P,-3.9099603
seq1,S16Y,-4.486478
seq1,S16F,-4.15691
seq1,S16W,-5.0666337
seq1,T17K,-3.8866897
seq1,T17R,-3.236186
seq1,T17H,-3.481515
seq1,T17E,-4.1146207
seq1,T17D,-4.1351666
seq1,T17N,-3.8800383
seq1,T17Q,-3.6991005
seq1,T17T,0.0
seq1,T17S,-2.6786919
seq1,T17C,-3.5355752
seq1,T17G,-3.5246277
seq1,T17A,-3.4083188
seq1,T17V,-3.4410076
seq1,T17L,-2.6152043
seq1,T17I,-3.4277081
seq1,T17M,-4.6208625
seq1,T17P,-3.2347584
seq1,T17Y,-4.050857
seq1,T17F,-3.361519
seq1,T17W,-4.560797
seq1,H18K,-2.8611171
seq1,H18R,-2.5039165
seq1,H18H,0.0
seq1,H18E,-3.0610714
seq1,H18D,-3.3643186
seq1,H18N,-3.1499307
seq1,H18Q,-3.0570862
seq1,H18T,-2.0691495
seq1,H18S,-1.928127
seq1,H18C,-3.235997
seq1,H18G,-2.9492714
seq1,H18A,-2.1668983
seq1,H18V,-2.65506
seq1,H18L,-2.2023482
seq1,H18I,-2.7783031
seq1,H18M,-3.5255954
seq1,H18P,-2.3282926
seq1,H18Y,-3.5764701
seq1,H18F,-3.0659366
seq1,H18W,-3.9891193
seq1,A19K,-3.4607966
seq1,A19R,-2.9906242
seq1,A19H,-3.351888
seq1,A19E,-3.9262707
seq1,A19D,-4.0457687
seq1,A19N,-3.5867794
seq1,A19Q,-3.3693507
seq1,A19T,-2.9800696
seq1,A19S,-2.4682302
seq1,A19C,-3.4535666
seq1,A19G,-3.4691494
seq1,A19A,0.0
seq1,A19V,-3.368596
seq1,A19L,-2.5784473
seq1,A19I,-3.1913967
seq1,A19M,-4.560809
seq1,A19P,-3.0900474
seq1,A19Y,-3.7561004
seq1,A19F,-3.0936692
seq1,A19W,-4.371992
seq1,T20K,-3.8553343
seq1,T20R,-3.3291948
seq1,T20H,-3.5989652
seq1,T20E,-3.8197317
seq1,T20D,-4.128354
seq1,T20N,-4.1200333
seq1,T20Q,-3.7660685
seq1,T20T,0.0
seq1,T20S,-3.0550246
seq1,T20C,-4.026212
seq1,T20G,-3.5950317
seq1,T20A,-3.1904995
seq1,T20V,-3.5213728
seq1,T20L,-3.0952926
seq1,T20I,-3.7661433
seq1,T20M,-4.5470753
seq1,T20P,-3.4863546
seq1,T20Y,-4.3449965
seq1,T20F,-4.0154753
seq1,T20W,-4.9175854
seq1,A21K,-3.5583432
seq1,A21R,-3.0104825
seq1,A21H,-3.3719425
seq1,A21E,-3.798144
seq1,A21D,-4.0364246
seq1,A21N,-3.6634133
seq1,A21Q,-3.4502234
seq1,A21T,-3.1314318
seq1,A21S,-2.697993
seq1,A21C,-3.5226734
seq1,A21G,-3.406797
seq1,A21A,0.0
seq1,A21V,-3.4269164
seq1,A21L,-2.779591
seq1,A21I,-3.3925247
seq1,A21M,-4.483596
seq1,A21P,-3.3092499
seq1,A21Y,-3.8687432
seq1,A21F,-3.598346
seq1,A21W,-4.4278693
seq1,R22K,-3.5618224
seq1,R22R,0.0
seq1,R22H,-3.8358724
seq1,R22E,-3.666341
seq1,R22D,-4.046323
seq1,R22N,-3.8727596
seq1,R22Q,-3.6577466
seq1,R22T,-3.12449
seq1,R22S,-2.8750443
seq1,R22C,-4.003751
seq1,R22G,-3.6327832
seq1,R22A,-3.2505627
seq1,R22V,-3.4509463
seq1,R22L,-2.9401567
seq1,R22I,-3.6393163
seq1,R22M,-4.3685164
seq1,R22P,-3.3841672
seq1,R22Y,-4.194867
seq1,R22F,-3.8778598
seq1,R22W,-4.743306
seq1,E23K,-2.8185534
seq1,E23R,-2.170515
seq1,E23H,-2.7266536
seq1,E23E,0.0
seq1,E23D,-3.3330698
seq1,E23N,-2.7666595
seq1,E23Q,-2.9385748
seq1,E23T,-2.3208377
seq1,E23S,-1.9193685
seq1,E23C,-2.6596568
seq1,E23G,-2.7510998
seq1,E23A,-2.5477247
seq1,E23V,-2.720915
seq1,E23L,-2.0511777
seq1,E23I,-2.5096786
seq1,E23M,-3.705287
seq1,E23P,-2.5127103
seq1,E23Y,-3.1114802
seq1,E23F,-2.7475786
seq1,E23W,-3.6417875
seq1,C24K,-2.7302582
seq1,C24R,-2.3232262
seq1,C24H,-3.0406914
seq1,C24E,-2.9217649
seq1,C24D,-3.3288984
seq1,C24N,-2.9109838
seq1,C24Q,-2.9541576
seq1,C24T,-2.4853935
seq1,C24S,-2.3237703
seq1,C24C,0.0
seq1,C24G,-2.7284229
seq1,C24A,-2.6849215
seq1,C24V,-2.7905817
seq1,C24L,-2.3319325
seq1,C24I,-2.7242305
seq1,C24M,-3.6674733
seq1,C24P,-2.7531435
seq1,C24Y,-3.4589539
seq1,C24F,-3.2297084
seq1,C24W,-3.9933238
seq1,R25K,-3.8164268
seq1,R25R,0.0
seq1,R25H,-3.5517976
seq1,R25E,-4.0856504
seq1,R25D,-4.230561
seq1,R25N,-3.8125105
seq1,R25Q,-3.715592
seq1,R25T,-3.5401726
seq1,R25S,-2.9116833
seq1,R25C,-3.857502
seq1,R25G,-3.632102
seq1,R25A,-3.7403264
seq1,R25V,-3.6689663
seq1,R25L,-2.9893737
seq1,R25I,-3.5452638
seq1,R25M,-4.811087
seq1,R25P,-3.6288004
seq1,R25Y,-4.0492086
seq1,R25F,-3.58355
seq1,R25W,-4.6498513
seq1,I26K,-3.5767763
seq1,I26R,-2.9470696
seq1,I26H,-3.59645
seq1,I26E,-3.8814943
seq1,I26D,-3.989515
seq1,I26N,-3.726649
seq1,I26Q,-3.6399539
seq1,I26T,-3.0988026
seq1,I26S,-2.652026
seq1,I26C,-3.5091124
seq1,I26G,-3.3561833
seq1,I26A,-3.1909246
seq1,I26V,-3.2912219
seq1,I26L,-2.8050346
seq1,I26I,0.0
seq1,I26M,-4.5201297
seq1,I26P,-3.226193
seq1,I26Y,-4.044097
seq1,I26F,-3.5169976
seq1,I26W,-4.4172344
seq1,S27K,-4.298751
seq1,S27R,-3.935089
seq1,S27H,-4.1874557
seq1,S27E,-4.7394905
seq1,S27D,-4.859728
seq1,S27N,-4.336265
seq1,S27Q,-4.1548433
seq1,S27T,-3.8802233
seq1,S27S,0.0
seq1,S27C,-4.33413
seq1,S27G,-4.4518723
seq1,S27A,-4.1979413
seq1,S27V,-4.175584
seq1,S27L,-3.2884963
seq1,S27I,-3.956809
seq1,S27M,-5.1914916
seq1,S27P,-3.8575006
seq1,S27Y,-4.522811
seq1,S27F,-3.983314
seq1,S27W,-5.17125
seq1,P28K,-3.6704931
seq1,P28R,-3.06159
seq1,P28H,-3.4516892
seq1,P28E,-3.9073663
seq1,P28D,-4.038658
seq1,P28N,-3.8050895
seq1,P28Q,-3.6216574
seq1,P28T,-3.2233028
seq1,P28S,-2.7624006
seq1,P28C,-3.7389765
seq1,P28G,-3.4648662
seq1,P28A,-3.4122384
seq1,P28V,-3.3821368
seq1,P28L,-2.781153
seq1,P28I,-3.3899407
seq1,P28M,-4.496532
seq1,P28P,0.0
seq1,P28Y,-3.9686232
seq1,P28F,-3.4251413
seq1,P28W,-4.558666
seq2,R1K,-3.3200805
seq2,R1R,0.0
seq2,R1H,-4.0137577
seq2,R1E,-2.903115
seq2,R1D,-3.3684905
seq2,R1N,-3.599662
seq2,R1Q,-3.5986474
seq2,R1T,-3.1691668
seq2,R1S,-2.9913695
seq2,R1C,-4.0765657
seq2,R1G,-2.7228978
seq2,R1A,-2.64555
seq2,R1V,-2.8544781
seq2,R1L,-2.6010635
seq2,R1I,-3.1866114
seq2,R1M,1.2812583
seq2,R1P,-3.3994343
seq2,R1Y,-4.0787926
seq2,R1F,-3.7469895
seq2,R1W,-4.7151012
seq2,A2K,-3.6486528
seq2,A2R,-3.3188396
seq2,A2H,-4.2316513
seq2,A2E,-3.7041953
seq2,A2D,-3.8867705
seq2,A2N,-3.7918785
seq2,A2Q,-4.0209427
seq2,A2T,-3.5954123
seq2,A2S,-3.3058906
seq2,A2C,-4.291905
seq2,A2G,-3.3360026
seq2,A2A,0.0
seq2,A2V,-3.6068249
seq2,A2L,-3.3423138
seq2,A2I,-3.6750329
seq2,A2M,-4.7646217
seq2,A2P,-3.835634
seq2,A2Y,-4.318484
seq2,A2F,-4.055649
seq2,A2W,-4.92321
seq2,G3K,-3.683728
seq2,G3R,-3.372656
seq2,G3H,-4.3624783
seq2,G3E,-3.6050608
seq2,G3D,-3.8586223
seq2,G3N,-4.010825
seq2,G3Q,-4.022662
seq2,G3T,-3.5711272
seq2,G3S,-3.3218381
seq2,G3C,-4.478232
seq2,G3G,0.0
seq2,G3A,-3.130322
seq2,G3V,-3.36997
seq2,G3L,-3.1378703
seq2,G3I,-3.4760168
seq2,G3M,-4.494595
seq2,G3P,-3.9134357
seq2,G3Y,-4.41879
seq2,G3F,-4.009424
seq2,G3W,-4.8864355
seq2,E4K,-3.2926533
seq2,E4R,-2.8918452
seq2,E4H,-3.7853568
seq2,E4E,0.0
seq2,E4D,-3.538584
seq2,E4N,-3.4816182
seq2,E4Q,-3.5510685
seq2,E4T,-3.0962696
seq2,E4S,-2.884338
seq2,E4C,-3.8806894
seq2,E4G,-2.8230565
seq2,E4A,-2.6523607
seq2,E4V,-2.8579714
seq2,E4L,-2.560141
seq2,E4I,-2.8923113
seq2,E4M,-3.927087
seq2,E4P,-3.3707678
seq2,E4Y,-3.869539
seq2,E4F,-3.3604481
seq2,E4W,-4.0702744
seq2,A5K,-3.594126
seq2,A5R,-3.3729079
seq2,A5H,-4.2531176
seq2,A5E,-3.6225886
seq2,A5D,-3.7734919
seq2,A5N,-3.683751
seq2,A5Q,-4.033613
seq2,A5T,-3.5037966
seq2,A5S,-3.338115
seq2,A5C,-4.3489857
seq2,A5G,-3.2779818
seq2,A5A,0.0
seq2,A5V,-3.503299
seq2,A5L,-3.3386056
seq2,A5I,-3.508614
seq2,A5M,-4.5766716
seq2,A5P,-3.9106913
seq2,A5Y,-4.2431335
seq2,A5F,-4.0423484
seq2,A5W,-4.869336
seq2,G6K,-3.5373597
seq2,G6R,-3.4379478
seq2,G6H,-4.1795216
seq2,G6E,-3.4852343
seq2,G6D,-3.7238557
seq2,G6N,-3.845814
seq2,G6Q,-3.8792226
seq2,G6T,-3.3388824
seq2,G6S,-3.2011783
seq2,G6C,-4.4153576
seq2,G6G,0.0
seq2,G6A,-2.900396
seq2,G6V,-3.1600928
seq2,G6L,-3.0249395
seq2,G6I,-3.3219159
seq2,G6M,-4.2154975
seq2,G6P,-3.6674693
seq2,G6Y,-4.2193284
seq2,G6F,-3.851836
seq2,G6W,-4.864747
seq2,A7K,-3.3394294
seq2,A7R,-3.2218738
seq2,A7H,-4.0506997
seq2,A7E,-3.3913863
seq2,A7D,-3.6612966
seq2,A7N,-3.6210105
seq2,A7Q,-3.8025005
seq2,A7T,-3.5079224
seq2,A7S,-3.228784
seq2,A7C,-4.1578217
seq2,A7G,-3.2460122
seq2,A7A,0.0
seq2,A7V,-3.4521594
seq2,A7L,-3.23519
seq2,A7I,-3.5020747
seq2,A7M,-4.4699993
seq2,A7P,-3.9781568
seq2,A7Y,-4.039653
seq2,A7F,-3.8811724
seq2,A7W,-4.635833
seq2,I8K,-3.4160218
seq2,I8R,-3.0529802
seq2,I8H,-3.866292
seq2,I8E,-3.2208614
seq2,I8D,-3.4099422
seq2,I8N,-3.659864
seq2,I8Q,-3.635179
seq2,I8T,-3.161815
seq2,I8S,-2.9003804
seq2,I8C,-3.9470034
seq2,I8G,-2.665021
seq2,I8A,-2.7599483
seq2,I8V,-3.0156999
seq2,I8L,-2.943012
seq2,I8I,0.0
seq2,I8M,-4.20561
seq2,I8P,-3.5151896
seq2,I8Y,-4.0835505
seq2,I8F,-3.7681928
seq2,I8W,-4.286063
seq2,N9K,-3.1694436
seq2,N9R,-2.5984035
seq2,N9H,-3.4134955
seq2,N9E,-2.977754
seq2,N9D,-3.0239997
seq2,N9N,0.0
seq2,N9Q,-3.2791243
seq2,N9T,-2.7813249
seq2,N9S,-2.443779
seq2,N9C,-3.404561
seq2,N9G,-2.5326152
seq2,N9A,-2.327435
seq2,N9V,-2.5685973
seq2,N9L,-2.247753
seq2,N9I,-2.6889553
seq2,N9M,-3.8311553
seq2,N9P,-2.8826387
seq2,N9Y,-3.4828472
seq2,N9F,-3.034012
seq2,N9W,-3.951542
seq2,S10K,-3.716916
seq2,S10R,-3.4067252
seq2,S10H,-4.195909
seq2,S10E,-3.5634956
seq2,S10D,-3.7936406
seq2,S10N,-3.863861
seq2,S10Q,-3.9215531
seq2,S10T,-3.472151
seq2,S10S,0.0
seq2,S10C,-4.401304
seq2,S10G,-3.2103558
seq2,S10A,-3.1980875
seq2,S10V,-3.3667746
seq2,S10L,-3.2423148
seq2,S10I,-3.4315255
seq2,S10M,-4.5258274
seq2,S10P,-3.5773451
seq2,S10Y,-4.3927455
seq2,S10F,-4.0808005
seq2,S10W,-4.988776
seq2,T11K,-3.6151295
seq2,T11R,-3.312691
seq2,T11H,-3.9558582
seq2,T11E,-3.5890307
seq2,T11D,-3.789094
seq2,T11N,-3.8055239
seq2,T11Q,-3.8108196
seq2,T11T,0.0
seq2,T11S,-3.1087232
seq2,T11C,-4.1901774
seq2,T11G,-3.251667
seq2,T11A,-3.0514855
seq2,T11V,-3.2736056
seq2,T11L,-2.8892517
seq2,T11I,-3.3010585
seq2,T11M,-4.338396
seq2,T11P,-3.6629863
seq2,T11Y,-4.1430087
seq2,T11F,-3.7120123
seq2,T11W,-4.7313757
seq2,T12K,-3.607209
seq2,T12R,-3.2459223
seq2,T12H,-3.9451683
seq2,T12E,-3.564431
seq2,T12D,-3.681712
seq2,T12N,-3.7729309
seq2,T12Q,-3.8186395
seq2,T12T,0.0
seq2,T12S,-3.153799
seq2,T12C,-3.9242656
seq2,T12G,-3.1972046
seq2,T12A,-3.005111
seq2,T12V,-3.1891775
seq2,T12L,-2.7166293
seq2,T12I,-3.2062511
seq2,T12M,-4.216593
seq2,T12P,-3.6251395
seq2,T12Y,-4.05059
seq2,T12F,-3.684837
seq2,T12W,-4.5841627
seq2,H13K,-2.509048
seq2,H13R,-2.2783232
seq2,H13H,0.0
seq2,H13E,-2.4410193
seq2,H13D,-2.7087727
seq2,H13N,-2.8478427
seq2,H13Q,-2.9032402
seq2,H13T,-2.4244719
seq2,H13S,-2.2604663
seq2,H13C,-3.4694545
seq2,H13G,-2.0686843
seq2,H13A,-2.1394937
seq2,H13V,-2.4288754
seq2,H13L,-2.1437657
seq2,H13I,-2.6046283
seq2,H13M,-3.368755
seq2,H13P,-2.6417956
seq2,H13Y,-3.306866
seq2,H13F,-3.0235887
seq2,H13W,-3.8147395
seq2,E14K,-3.1969974
seq2,E14R,-2.8894842
seq2,E14H,-3.589993
seq2,E14E,0.0
seq2,E14D,-3.5602899
seq2,E14N,-3.354418
seq2,E14Q,-3.34245
seq2,E14T,-2.9703312
seq2,E14S,-2.7603695
seq2,E14C,-3.736948
seq2,E14G,-3.0591173
seq2,E14A,-2.877592
seq2,E14V,-3.1665268
seq2,E14L,-2.6670055
seq2,E14I,-3.115037
seq2,E14M,-4.0792418
seq2,E14P,-3.2704437
seq2,E14Y,-3.7195091
seq2,E14F,-3.3919294
seq2,E14W,-4.3186088
seq2,M15K,-2.3487601
seq2,M15R,-2.2154546
seq2,M15H,-2.894662
seq2,M15E,-2.263489
seq2,M15D,-2.6706095
seq2,M15N,-2.5570402
seq2,M15Q,-2.6788244
seq2,M15T,-2.2234101
seq2,M15S,-2.213599
seq2,M15C,-3.22462
seq2,M15G,-2.266765
seq2,M15A,-1.9874215
seq2,M15V,-2.214509
seq2,M15L,-1.9188793
seq2,M15I,-2.2645278
seq2,M15M,0.0
seq2,M15P,-2.6638353
seq2,M15Y,-2.9995954
seq2,M15F,-2.8932843
seq2,M15W,-3.848749
seq2,A16K,-3.4920778
seq2,A16R,-3.370532
seq2,A16H,-3.9550982
seq2,A16E,-3.7059746
seq2,A16D,-3.9135818
seq2,A16N,-3.6652088
seq2,A16Q,-3.7734299
seq2,A16T,-3.4252386
seq2,A16S,-3.3601243
seq2,A16C,-4.326441
seq2,A16G,-3.5629485
seq2,A16A,0.0
seq2,A16V,-3.3599405
seq2,A16L,-2.9487
seq2,A16I,-3.2685235
seq2,A16M,-4.402883
seq2,A16P,-3.8043404
seq2,A16Y,-4.0992937
seq2,A16F,-3.8318253
seq2,A16W,-4.9244432
seq2,C17K,-2.010786
seq2,C17R,-1.8419867
seq2,C17H,-2.8216166
seq2,C17E,-2.0742412
seq2,C17D,-2.3941944
seq2,C17N,-2.4324389
seq2,C17Q,-2.436929
seq2,C17T,-2.243987
seq2,C17S,-2.0425987
seq2,C17C,0.0
seq2,C17G,-2.1764088
seq2,C17A,-1.9329517
seq2,C17V,-2.2424307
seq2,C17L,-1.963525
seq2,C17I,-2.3337662
seq2,C17M,-3.1334631
seq2,C17P,-2.6491418
seq2,C17Y,-3.1414692
seq2,C17F,-2.8393147
seq2,C17W,-3.7276022
seq2,H18K,-2.5371177
seq2,H18R,-2.329007
seq2,H18H,0.0
seq2,H18E,-2.576887
seq2,H18D,-2.9720488
seq2,H18N,-3.0046315
seq2,H18Q,-2.9136984
seq2,H18T,-2.6661904
seq2,H18S,-2.346169
seq2,H18C,-3.4403265
seq2,H18G,-2.4974039
seq2,H18A,-2.1925707
seq2,H18V,-2.4429524
seq2,H18L,-2.0166583
seq2,H18I,-2.5927944
seq2,H18M,-3.5187962
seq2,H18P,-3.0764813
seq2,H18Y,-3.2565944
seq2,H18F,-2.8055582
seq2,H18W,-3.7131035
seq2,I19K,-3.472686
seq2,I19R,-3.0737948
seq2,I19H,-3.9742246
seq2,I19E,-3.3169947
seq2,I19D,-3.690899
seq2,I19N,-3.7307363
seq2,I19Q,-3.638268
seq2,I19T,-3.387911
seq2,I19S,-3.105484
seq2,I19C,-3.8586898
seq2,I19G,-2.9309282
seq2,I19A,-3.1510696
seq2,I19V,-3.2643077
seq2,I19L,-2.85032
seq2,I19I,0.0
seq2,I19M,-4.2787147
seq2,I19P,-3.6268597
seq2,I19Y,-4.0700917
seq2,I19F,-3.7592068
seq2,I19W,-4.473863
seq2,N20K,-3.0891259
seq2,N20R,-2.7750807
seq2,N20H,-3.5212712
seq2,N20E,-3.02123
seq2,N20D,-3.2348914
seq2,N20N,0.0
seq2,N20Q,-3.26202
seq2,N20T,-2.9459128
seq2,N20S,-2.6844814
seq2,N20C,-3.6190453
seq2,N20G,-2.7125814
seq2,N20A,-2.632695
seq2,N20V,-2.8549614
seq2,N20L,-2.4838572
seq2,N20I,-3.0024133
seq2,N20M,-3.8756256
seq2,N20P,-3.113665
seq2,N20Y,-3.68862
seq2,N20F,-3.3626075
seq2,N20W,-4.1946015
seq2,E21K,-3.0972564
seq2,E21R,-2.7531765
seq2,E21H,-3.573882
seq2,E21E,0.0
seq2,E21D,-3.4784956
seq2,E21N,-3.2540045
seq2,E21Q,-3.3165944
seq2,E21T,-3.0218263
seq2,E21S,-2.7458518
seq2,E21C,-3.7798986
seq2,E21G,-2.8638296
seq2,E21A,-2.9230566
seq2,E21V,-3.1225574
seq2,E21L,-2.7197676
seq2,E21I,-3.066342
seq2,E21M,-4.1295977
seq2,E21P,-3.0731668
seq2,E21Y,-3.8148522
seq2,E21F,-3.524714
seq2,E21W,-4.3995657
